"event","time","replicate","compartment","state","abundance"
"alt_1",322,1,"nuclear","unprocessed",544.8247
"alt_1",322,1,"nuclear","processed",6097.6621
"alt_1",322,1,"cytoplasmic","unprocessed",42.9393
"alt_1",322,1,"cytoplasmic","processed",1593.6515
"alt_1",322,2,"nuclear","unprocessed",547.0577
"alt_1",322,2,"nuclear","processed",6909.9158
"alt_1",322,2,"cytoplasmic","unprocessed",46.0974
"alt_1",322,2,"cytoplasmic","processed",1531.0716
"alt_1",322,3,"nuclear","unprocessed",490.6547
"alt_1",322,3,"nuclear","processed",6817.2186
"alt_1",322,3,"cytoplasmic","unprocessed",37.988
"alt_1",322,3,"cytoplasmic","processed",1724.3689
"alt_1",322,4,"nuclear","unprocessed",502.5323
"alt_1",322,4,"nuclear","processed",6538.3108
"alt_1",322,4,"cytoplasmic","unprocessed",40.1591
"alt_1",322,4,"cytoplasmic","processed",1714.1283
"alt_1",322,5,"nuclear","unprocessed",519.2125
"alt_1",322,5,"nuclear","processed",7049.748
"alt_1",322,5,"cytoplasmic","unprocessed",43.8828
"alt_1",322,5,"cytoplasmic","processed",1456.4153
"alt_1",332,1,"nuclear","unprocessed",547.7388
"alt_1",332,1,"nuclear","processed",6940.4208
"alt_1",332,1,"cytoplasmic","unprocessed",48.4467
"alt_1",332,1,"cytoplasmic","processed",1632.3806
"alt_1",332,2,"nuclear","unprocessed",596.9413
"alt_1",332,2,"nuclear","processed",7040.2296
"alt_1",332,2,"cytoplasmic","unprocessed",45.5424
"alt_1",332,2,"cytoplasmic","processed",1626.0326
"alt_1",332,3,"nuclear","unprocessed",524.828
"alt_1",332,3,"nuclear","processed",6893.5465
"alt_1",332,3,"cytoplasmic","unprocessed",39.4865
"alt_1",332,3,"cytoplasmic","processed",1632.0161
"alt_1",332,4,"nuclear","unprocessed",544.4269
"alt_1",332,4,"nuclear","processed",6547.0024
"alt_1",332,4,"cytoplasmic","unprocessed",43.8789
"alt_1",332,4,"cytoplasmic","processed",1851.0375
"alt_1",332,5,"nuclear","unprocessed",498.3521
"alt_1",332,5,"nuclear","processed",7252.469
"alt_1",332,5,"cytoplasmic","unprocessed",45.3868
"alt_1",332,5,"cytoplasmic","processed",1609.6791
"alt_1",342,1,"nuclear","unprocessed",159.4648
"alt_1",342,1,"nuclear","processed",6164.1455
"alt_1",342,1,"cytoplasmic","unprocessed",17.9391
"alt_1",342,1,"cytoplasmic","processed",1596.9194
"alt_1",342,2,"nuclear","unprocessed",163.7341
"alt_1",342,2,"nuclear","processed",6591.6976
"alt_1",342,2,"cytoplasmic","unprocessed",20.6572
"alt_1",342,2,"cytoplasmic","processed",1502.4983
"alt_1",342,3,"nuclear","unprocessed",131.362
"alt_1",342,3,"nuclear","processed",6495.5635
"alt_1",342,3,"cytoplasmic","unprocessed",15.696
"alt_1",342,3,"cytoplasmic","processed",1764.635
"alt_1",342,4,"nuclear","unprocessed",127.2197
"alt_1",342,4,"nuclear","processed",6235.6974
"alt_1",342,4,"cytoplasmic","unprocessed",13.848
"alt_1",342,4,"cytoplasmic","processed",1662.1767
"alt_1",342,5,"nuclear","unprocessed",127.8915
"alt_1",342,5,"nuclear","processed",7057.3644
"alt_1",342,5,"cytoplasmic","unprocessed",14.9692
"alt_1",342,5,"cytoplasmic","processed",1527.4833
"alt_1",352,1,"nuclear","unprocessed",45.8417
"alt_1",352,1,"nuclear","processed",5676.2167
"alt_1",352,1,"cytoplasmic","unprocessed",5.4731
"alt_1",352,1,"cytoplasmic","processed",1568.8152
"alt_1",352,2,"nuclear","unprocessed",45.38
"alt_1",352,2,"nuclear","processed",6680.3589
"alt_1",352,2,"cytoplasmic","unprocessed",5.9202
"alt_1",352,2,"cytoplasmic","processed",1625.4247
"alt_1",352,3,"nuclear","unprocessed",37.4308
"alt_1",352,3,"nuclear","processed",6402.0785
"alt_1",352,3,"cytoplasmic","unprocessed",4.2214
"alt_1",352,3,"cytoplasmic","processed",1646.2108
"alt_1",352,4,"nuclear","unprocessed",32.4602
"alt_1",352,4,"nuclear","processed",6442.4281
"alt_1",352,4,"cytoplasmic","unprocessed",4.2951
"alt_1",352,4,"cytoplasmic","processed",1635.8064
"alt_1",352,5,"nuclear","unprocessed",33.1765
"alt_1",352,5,"nuclear","processed",6992.0996
"alt_1",352,5,"cytoplasmic","unprocessed",3.6276
"alt_1",352,5,"cytoplasmic","processed",1636.9241
"alt_1",362,1,"nuclear","unprocessed",12.9519
"alt_1",362,1,"nuclear","processed",5659.913
"alt_1",362,1,"cytoplasmic","unprocessed",1.6726
"alt_1",362,1,"cytoplasmic","processed",1542.0914
"alt_1",362,2,"nuclear","unprocessed",12.9417
"alt_1",362,2,"nuclear","processed",6280.1356
"alt_1",362,2,"cytoplasmic","unprocessed",1.7089
"alt_1",362,2,"cytoplasmic","processed",1343.2207
"alt_1",362,3,"nuclear","unprocessed",9.9445
"alt_1",362,3,"nuclear","processed",5814.4493
"alt_1",362,3,"cytoplasmic","unprocessed",1.0173
"alt_1",362,3,"cytoplasmic","processed",1621.2095
"alt_1",362,4,"nuclear","unprocessed",7.9107
"alt_1",362,4,"nuclear","processed",5710.8922
"alt_1",362,4,"cytoplasmic","unprocessed",1.0578
"alt_1",362,4,"cytoplasmic","processed",1688.0024
"alt_1",362,5,"nuclear","unprocessed",9.0955
"alt_1",362,5,"nuclear","processed",6171.2112
"alt_1",362,5,"cytoplasmic","unprocessed",1.0718
"alt_1",362,5,"cytoplasmic","processed",1470.002
"alt_2",322,1,"nuclear","unprocessed",1147.1764
"alt_2",322,1,"nuclear","processed",6551.9937
"alt_2",322,1,"cytoplasmic","unprocessed",193.0041
"alt_2",322,1,"cytoplasmic","processed",5615.0378
"alt_2",322,2,"nuclear","unprocessed",1139.2258
"alt_2",322,2,"nuclear","processed",7609.3291
"alt_2",322,2,"cytoplasmic","unprocessed",203.1684
"alt_2",322,2,"cytoplasmic","processed",6384.9084
"alt_2",322,3,"nuclear","unprocessed",1110.1811
"alt_2",322,3,"nuclear","processed",6622.1387
"alt_2",322,3,"cytoplasmic","unprocessed",200.6741
"alt_2",322,3,"cytoplasmic","processed",6055.3208
"alt_2",322,4,"nuclear","unprocessed",1038.9687
"alt_2",322,4,"nuclear","processed",6353.3099
"alt_2",322,4,"cytoplasmic","unprocessed",178.4874
"alt_2",322,4,"cytoplasmic","processed",5594.603
"alt_2",322,5,"nuclear","unprocessed",1057.1559
"alt_2",322,5,"nuclear","processed",7375.0394
"alt_2",322,5,"cytoplasmic","unprocessed",191.6628
"alt_2",322,5,"cytoplasmic","processed",6582.2492
"alt_2",332,1,"nuclear","unprocessed",1164.9839
"alt_2",332,1,"nuclear","processed",7334.0183
"alt_2",332,1,"cytoplasmic","unprocessed",209.0297
"alt_2",332,1,"cytoplasmic","processed",5698.1283
"alt_2",332,2,"nuclear","unprocessed",957.7226
"alt_2",332,2,"nuclear","processed",8304.7477
"alt_2",332,2,"cytoplasmic","unprocessed",209.2383
"alt_2",332,2,"cytoplasmic","processed",6439.3021
"alt_2",332,3,"nuclear","unprocessed",1128.5119
"alt_2",332,3,"nuclear","processed",6639.3423
"alt_2",332,3,"cytoplasmic","unprocessed",200.2385
"alt_2",332,3,"cytoplasmic","processed",5776.4827
"alt_2",332,4,"nuclear","unprocessed",1108.31
"alt_2",332,4,"nuclear","processed",7209.088
"alt_2",332,4,"cytoplasmic","unprocessed",158.4266
"alt_2",332,4,"cytoplasmic","processed",5341.7734
"alt_2",332,5,"nuclear","unprocessed",1069.569
"alt_2",332,5,"nuclear","processed",6511.8626
"alt_2",332,5,"cytoplasmic","unprocessed",196.2687
"alt_2",332,5,"cytoplasmic","processed",6802.8934
"alt_2",342,1,"nuclear","unprocessed",141.505
"alt_2",342,1,"nuclear","processed",6712.0836
"alt_2",342,1,"cytoplasmic","unprocessed",112.9653
"alt_2",342,1,"cytoplasmic","processed",5546.6329
"alt_2",342,2,"nuclear","unprocessed",131.0097
"alt_2",342,2,"nuclear","processed",5990.772
"alt_2",342,2,"cytoplasmic","unprocessed",108.9544
"alt_2",342,2,"cytoplasmic","processed",6480.2257
"alt_2",342,3,"nuclear","unprocessed",155.6006
"alt_2",342,3,"nuclear","processed",5637.5297
"alt_2",342,3,"cytoplasmic","unprocessed",105.618
"alt_2",342,3,"cytoplasmic","processed",5594.7582
"alt_2",342,4,"nuclear","unprocessed",109.0396
"alt_2",342,4,"nuclear","processed",5766.417
"alt_2",342,4,"cytoplasmic","unprocessed",88.406
"alt_2",342,4,"cytoplasmic","processed",5598.348
"alt_2",342,5,"nuclear","unprocessed",116.9028
"alt_2",342,5,"nuclear","processed",6557.5495
"alt_2",342,5,"cytoplasmic","unprocessed",94.8474
"alt_2",342,5,"cytoplasmic","processed",6676.9114
"alt_2",352,1,"nuclear","unprocessed",20.5188
"alt_2",352,1,"nuclear","processed",4690.3914
"alt_2",352,1,"cytoplasmic","unprocessed",36.5923
"alt_2",352,1,"cytoplasmic","processed",5033.0876
"alt_2",352,2,"nuclear","unprocessed",15.4544
"alt_2",352,2,"nuclear","processed",4727.4565
"alt_2",352,2,"cytoplasmic","unprocessed",37.2461
"alt_2",352,2,"cytoplasmic","processed",5959.0364
"alt_2",352,3,"nuclear","unprocessed",18.183
"alt_2",352,3,"nuclear","processed",3776.4923
"alt_2",352,3,"cytoplasmic","unprocessed",33.4465
"alt_2",352,3,"cytoplasmic","processed",5588.1362
"alt_2",352,4,"nuclear","unprocessed",11.5966
"alt_2",352,4,"nuclear","processed",3932.7792
"alt_2",352,4,"cytoplasmic","unprocessed",25.7737
"alt_2",352,4,"cytoplasmic","processed",5171.8234
"alt_2",352,5,"nuclear","unprocessed",13.3721
"alt_2",352,5,"nuclear","processed",4478.4833
"alt_2",352,5,"cytoplasmic","unprocessed",31.5883
"alt_2",352,5,"cytoplasmic","processed",6188.9072
"alt_2",362,1,"nuclear","unprocessed",2.4776
"alt_2",362,1,"nuclear","processed",3651.0279
"alt_2",362,1,"cytoplasmic","unprocessed",11.4326
"alt_2",362,1,"cytoplasmic","processed",4862.7511
"alt_2",362,2,"nuclear","unprocessed",1.9688
"alt_2",362,2,"nuclear","processed",3810.8186
"alt_2",362,2,"cytoplasmic","unprocessed",11.7948
"alt_2",362,2,"cytoplasmic","processed",5253.152
"alt_2",362,3,"nuclear","unprocessed",2.7165
"alt_2",362,3,"nuclear","processed",2705.9092
"alt_2",362,3,"cytoplasmic","unprocessed",10.2724
"alt_2",362,3,"cytoplasmic","processed",4949.9522
"alt_2",362,4,"nuclear","unprocessed",1.244
"alt_2",362,4,"nuclear","processed",3049.5543
"alt_2",362,4,"cytoplasmic","unprocessed",7.691
"alt_2",362,4,"cytoplasmic","processed",4617.6925
"alt_2",362,5,"nuclear","unprocessed",1.4635
"alt_2",362,5,"nuclear","processed",3179.4828
"alt_2",362,5,"cytoplasmic","unprocessed",8.9814
"alt_2",362,5,"cytoplasmic","processed",5475.6402
"alt_3",322,1,"nuclear","unprocessed",303.009
"alt_3",322,1,"nuclear","processed",5188.6193
"alt_3",322,1,"cytoplasmic","unprocessed",18.8293
"alt_3",322,1,"cytoplasmic","processed",2515.5771
"alt_3",322,2,"nuclear","unprocessed",326.8863
"alt_3",322,2,"nuclear","processed",4478.5703
"alt_3",322,2,"cytoplasmic","unprocessed",22.7688
"alt_3",322,2,"cytoplasmic","processed",2573.1791
"alt_3",322,3,"nuclear","unprocessed",329.1643
"alt_3",322,3,"nuclear","processed",4586.1431
"alt_3",322,3,"cytoplasmic","unprocessed",24.3568
"alt_3",322,3,"cytoplasmic","processed",2655.7405
"alt_3",322,4,"nuclear","unprocessed",284.9647
"alt_3",322,4,"nuclear","processed",4946.7497
"alt_3",322,4,"cytoplasmic","unprocessed",22.8462
"alt_3",322,4,"cytoplasmic","processed",2581.2465
"alt_3",322,5,"nuclear","unprocessed",351.7017
"alt_3",322,5,"nuclear","processed",4536.5924
"alt_3",322,5,"cytoplasmic","unprocessed",20.2247
"alt_3",322,5,"cytoplasmic","processed",2680.5664
"alt_3",332,1,"nuclear","unprocessed",360.6191
"alt_3",332,1,"nuclear","processed",5057.5715
"alt_3",332,1,"cytoplasmic","unprocessed",20.5516
"alt_3",332,1,"cytoplasmic","processed",2760.7368
"alt_3",332,2,"nuclear","unprocessed",315.8266
"alt_3",332,2,"nuclear","processed",4489.4905
"alt_3",332,2,"cytoplasmic","unprocessed",22.014
"alt_3",332,2,"cytoplasmic","processed",2749.3829
"alt_3",332,3,"nuclear","unprocessed",377.3196
"alt_3",332,3,"nuclear","processed",4218.1153
"alt_3",332,3,"cytoplasmic","unprocessed",21.955
"alt_3",332,3,"cytoplasmic","processed",2757.4422
"alt_3",332,4,"nuclear","unprocessed",301.5193
"alt_3",332,4,"nuclear","processed",4706.237
"alt_3",332,4,"cytoplasmic","unprocessed",19.9269
"alt_3",332,4,"cytoplasmic","processed",2875.4175
"alt_3",332,5,"nuclear","unprocessed",369.0657
"alt_3",332,5,"nuclear","processed",4916.0116
"alt_3",332,5,"cytoplasmic","unprocessed",20.0526
"alt_3",332,5,"cytoplasmic","processed",2731.9637
"alt_3",342,1,"nuclear","unprocessed",58.0718
"alt_3",342,1,"nuclear","processed",5582.971
"alt_3",342,1,"cytoplasmic","unprocessed",4.8052
"alt_3",342,1,"cytoplasmic","processed",2772.2398
"alt_3",342,2,"nuclear","unprocessed",54.9974
"alt_3",342,2,"nuclear","processed",4373.468
"alt_3",342,2,"cytoplasmic","unprocessed",5.3321
"alt_3",342,2,"cytoplasmic","processed",2841.6459
"alt_3",342,3,"nuclear","unprocessed",56.5742
"alt_3",342,3,"nuclear","processed",4532.9122
"alt_3",342,3,"cytoplasmic","unprocessed",5.7463
"alt_3",342,3,"cytoplasmic","processed",2834.7793
"alt_3",342,4,"nuclear","unprocessed",48.4104
"alt_3",342,4,"nuclear","processed",4346.9745
"alt_3",342,4,"cytoplasmic","unprocessed",4.5431
"alt_3",342,4,"cytoplasmic","processed",2862.9571
"alt_3",342,5,"nuclear","unprocessed",65.6848
"alt_3",342,5,"nuclear","processed",4807.3274
"alt_3",342,5,"cytoplasmic","unprocessed",5.0845
"alt_3",342,5,"cytoplasmic","processed",2805.7535
"alt_3",352,1,"nuclear","unprocessed",8.9545
"alt_3",352,1,"nuclear","processed",4895.8531
"alt_3",352,1,"cytoplasmic","unprocessed",0.7372
"alt_3",352,1,"cytoplasmic","processed",2763.5407
"alt_3",352,2,"nuclear","unprocessed",9.9748
"alt_3",352,2,"nuclear","processed",4075.3506
"alt_3",352,2,"cytoplasmic","unprocessed",1.0011
"alt_3",352,2,"cytoplasmic","processed",2857.2787
"alt_3",352,3,"nuclear","unprocessed",12.3931
"alt_3",352,3,"nuclear","processed",4442.4577
"alt_3",352,3,"cytoplasmic","unprocessed",1.1843
"alt_3",352,3,"cytoplasmic","processed",2734.4352
"alt_3",352,4,"nuclear","unprocessed",7.068
"alt_3",352,4,"nuclear","processed",4111.4929
"alt_3",352,4,"cytoplasmic","unprocessed",0.6513
"alt_3",352,4,"cytoplasmic","processed",2828.9548
"alt_3",352,5,"nuclear","unprocessed",13.9835
"alt_3",352,5,"nuclear","processed",4323.2676
"alt_3",352,5,"cytoplasmic","unprocessed",1.0906
"alt_3",352,5,"cytoplasmic","processed",2849.6569
"alt_3",362,1,"nuclear","unprocessed",1.4639
"alt_3",362,1,"nuclear","processed",4480.8712
"alt_3",362,1,"cytoplasmic","unprocessed",0.1302
"alt_3",362,1,"cytoplasmic","processed",2778.6083
"alt_3",362,2,"nuclear","unprocessed",1.6651
"alt_3",362,2,"nuclear","processed",3755.4685
"alt_3",362,2,"cytoplasmic","unprocessed",0.1552
"alt_3",362,2,"cytoplasmic","processed",2778.8977
"alt_3",362,3,"nuclear","unprocessed",2.0348
"alt_3",362,3,"nuclear","processed",3801.5758
"alt_3",362,3,"cytoplasmic","unprocessed",0.176
"alt_3",362,3,"cytoplasmic","processed",2633.5562
"alt_3",362,4,"nuclear","unprocessed",1.0064
"alt_3",362,4,"nuclear","processed",4097.8353
"alt_3",362,4,"cytoplasmic","unprocessed",0.1062
"alt_3",362,4,"cytoplasmic","processed",2854.8203
"alt_3",362,5,"nuclear","unprocessed",2.7294
"alt_3",362,5,"nuclear","processed",4240.4455
"alt_3",362,5,"cytoplasmic","unprocessed",0.1857
"alt_3",362,5,"cytoplasmic","processed",2810.9283
"alt_4",322,1,"nuclear","unprocessed",348.3222
"alt_4",322,1,"nuclear","processed",2737.4491
"alt_4",322,1,"cytoplasmic","unprocessed",11.8019
"alt_4",322,1,"cytoplasmic","processed",1966.2052
"alt_4",322,2,"nuclear","unprocessed",428.3131
"alt_4",322,2,"nuclear","processed",2305.5157
"alt_4",322,2,"cytoplasmic","unprocessed",13.7604
"alt_4",322,2,"cytoplasmic","processed",2002.1241
"alt_4",322,3,"nuclear","unprocessed",327.4238
"alt_4",322,3,"nuclear","processed",2427.2123
"alt_4",322,3,"cytoplasmic","unprocessed",15.0069
"alt_4",322,3,"cytoplasmic","processed",1759.0579
"alt_4",322,4,"nuclear","unprocessed",326.3363
"alt_4",322,4,"nuclear","processed",2871.5592
"alt_4",322,4,"cytoplasmic","unprocessed",12.1765
"alt_4",322,4,"cytoplasmic","processed",1898.0657
"alt_4",322,5,"nuclear","unprocessed",370.0052
"alt_4",322,5,"nuclear","processed",2487.0613
"alt_4",322,5,"cytoplasmic","unprocessed",11.017
"alt_4",322,5,"cytoplasmic","processed",2174.6624
"alt_4",332,1,"nuclear","unprocessed",361.0804
"alt_4",332,1,"nuclear","processed",2607.5761
"alt_4",332,1,"cytoplasmic","unprocessed",12.7449
"alt_4",332,1,"cytoplasmic","processed",1818.0006
"alt_4",332,2,"nuclear","unprocessed",411.3433
"alt_4",332,2,"nuclear","processed",2463.6386
"alt_4",332,2,"cytoplasmic","unprocessed",12.5738
"alt_4",332,2,"cytoplasmic","processed",1923.88
"alt_4",332,3,"nuclear","unprocessed",348.5141
"alt_4",332,3,"nuclear","processed",2620.296
"alt_4",332,3,"cytoplasmic","unprocessed",13.3917
"alt_4",332,3,"cytoplasmic","processed",1726.3322
"alt_4",332,4,"nuclear","unprocessed",356.6476
"alt_4",332,4,"nuclear","processed",2861.3878
"alt_4",332,4,"cytoplasmic","unprocessed",10.317
"alt_4",332,4,"cytoplasmic","processed",1867.5986
"alt_4",332,5,"nuclear","unprocessed",371.6974
"alt_4",332,5,"nuclear","processed",2542.9544
"alt_4",332,5,"cytoplasmic","unprocessed",11.5846
"alt_4",332,5,"cytoplasmic","processed",2150.809
"alt_4",342,1,"nuclear","unprocessed",43.7315
"alt_4",342,1,"nuclear","processed",2081.1956
"alt_4",342,1,"cytoplasmic","unprocessed",3.6383
"alt_4",342,1,"cytoplasmic","processed",1787.9165
"alt_4",342,2,"nuclear","unprocessed",58.5198
"alt_4",342,2,"nuclear","processed",2096.2243
"alt_4",342,2,"cytoplasmic","unprocessed",4.5208
"alt_4",342,2,"cytoplasmic","processed",1866.3809
"alt_4",342,3,"nuclear","unprocessed",44.0673
"alt_4",342,3,"nuclear","processed",2224.349
"alt_4",342,3,"cytoplasmic","unprocessed",3.8968
"alt_4",342,3,"cytoplasmic","processed",1681.1162
"alt_4",342,4,"nuclear","unprocessed",38.0451
"alt_4",342,4,"nuclear","processed",2456.189
"alt_4",342,4,"cytoplasmic","unprocessed",2.8107
"alt_4",342,4,"cytoplasmic","processed",2085.7098
"alt_4",342,5,"nuclear","unprocessed",47.1054
"alt_4",342,5,"nuclear","processed",2208.9767
"alt_4",342,5,"cytoplasmic","unprocessed",3.3166
"alt_4",342,5,"cytoplasmic","processed",2025.8839
"alt_4",352,1,"nuclear","unprocessed",4.9181
"alt_4",352,1,"nuclear","processed",1887.2534
"alt_4",352,1,"cytoplasmic","unprocessed",0.5374
"alt_4",352,1,"cytoplasmic","processed",1594.1099
"alt_4",352,2,"nuclear","unprocessed",8.1393
"alt_4",352,2,"nuclear","processed",1759.3761
"alt_4",352,2,"cytoplasmic","unprocessed",0.6912
"alt_4",352,2,"cytoplasmic","processed",1656.3369
"alt_4",352,3,"nuclear","unprocessed",4.8782
"alt_4",352,3,"nuclear","processed",1656.5532
"alt_4",352,3,"cytoplasmic","unprocessed",0.5622
"alt_4",352,3,"cytoplasmic","processed",1439.4308
"alt_4",352,4,"nuclear","unprocessed",4.0819
"alt_4",352,4,"nuclear","processed",1779.8
"alt_4",352,4,"cytoplasmic","unprocessed",0.3912
"alt_4",352,4,"cytoplasmic","processed",1577.3074
"alt_4",352,5,"nuclear","unprocessed",4.7735
"alt_4",352,5,"nuclear","processed",1695.6615
"alt_4",352,5,"cytoplasmic","unprocessed",0.394
"alt_4",352,5,"cytoplasmic","processed",1709.2547
"alt_4",362,1,"nuclear","unprocessed",0.6219
"alt_4",362,1,"nuclear","processed",1107.8475
"alt_4",362,1,"cytoplasmic","unprocessed",0.0676
"alt_4",362,1,"cytoplasmic","processed",1296.978
"alt_4",362,2,"nuclear","unprocessed",1.1469
"alt_4",362,2,"nuclear","processed",1230.9633
"alt_4",362,2,"cytoplasmic","unprocessed",0.1051
"alt_4",362,2,"cytoplasmic","processed",1524.3985
"alt_4",362,3,"nuclear","unprocessed",0.5985
"alt_4",362,3,"nuclear","processed",1158.2699
"alt_4",362,3,"cytoplasmic","unprocessed",0.0669
"alt_4",362,3,"cytoplasmic","processed",1322.4376
"alt_4",362,4,"nuclear","unprocessed",0.4402
"alt_4",362,4,"nuclear","processed",1361.9777
"alt_4",362,4,"cytoplasmic","unprocessed",0.0407
"alt_4",362,4,"cytoplasmic","processed",1466.8932
"alt_4",362,5,"nuclear","unprocessed",0.5413
"alt_4",362,5,"nuclear","processed",1137.402
"alt_4",362,5,"cytoplasmic","unprocessed",0.0478
"alt_4",362,5,"cytoplasmic","processed",1389.7599
"null_1",322,1,"nuclear","unprocessed",150.2522
"null_1",322,1,"nuclear","processed",2856.0072
"null_1",322,1,"cytoplasmic","unprocessed",22.9128
"null_1",322,1,"cytoplasmic","processed",98.9793
"null_1",322,2,"nuclear","unprocessed",171.618
"null_1",322,2,"nuclear","processed",2557.6987
"null_1",322,2,"cytoplasmic","unprocessed",23.6638
"null_1",322,2,"cytoplasmic","processed",128.2273
"null_1",322,3,"nuclear","unprocessed",161.3787
"null_1",322,3,"nuclear","processed",2623.5412
"null_1",322,3,"cytoplasmic","unprocessed",20.0823
"null_1",322,3,"cytoplasmic","processed",102.9645
"null_1",322,4,"nuclear","unprocessed",163.6927
"null_1",322,4,"nuclear","processed",2488.9578
"null_1",322,4,"cytoplasmic","unprocessed",22.9534
"null_1",322,4,"cytoplasmic","processed",99.243
"null_1",322,5,"nuclear","unprocessed",168.9751
"null_1",322,5,"nuclear","processed",2357.7642
"null_1",322,5,"cytoplasmic","unprocessed",24.0622
"null_1",322,5,"cytoplasmic","processed",103.3301
"null_1",332,1,"nuclear","unprocessed",152.7869
"null_1",332,1,"nuclear","processed",2820.5467
"null_1",332,1,"cytoplasmic","unprocessed",22.3448
"null_1",332,1,"cytoplasmic","processed",113.5185
"null_1",332,2,"nuclear","unprocessed",172.5811
"null_1",332,2,"nuclear","processed",2250.0325
"null_1",332,2,"cytoplasmic","unprocessed",25.0966
"null_1",332,2,"cytoplasmic","processed",121.9309
"null_1",332,3,"nuclear","unprocessed",157.5885
"null_1",332,3,"nuclear","processed",2889.3022
"null_1",332,3,"cytoplasmic","unprocessed",19.3731
"null_1",332,3,"cytoplasmic","processed",107.8297
"null_1",332,4,"nuclear","unprocessed",168.9655
"null_1",332,4,"nuclear","processed",2547.515
"null_1",332,4,"cytoplasmic","unprocessed",23.8393
"null_1",332,4,"cytoplasmic","processed",100.6614
"null_1",332,5,"nuclear","unprocessed",176.7533
"null_1",332,5,"nuclear","processed",2546.8351
"null_1",332,5,"cytoplasmic","unprocessed",25.2299
"null_1",332,5,"cytoplasmic","processed",109.9711
"null_1",342,1,"nuclear","unprocessed",19.7616
"null_1",342,1,"nuclear","processed",2639.8219
"null_1",342,1,"cytoplasmic","unprocessed",5.115
"null_1",342,1,"cytoplasmic","processed",95.1574
"null_1",342,2,"nuclear","unprocessed",22.5306
"null_1",342,2,"nuclear","processed",2364.8091
"null_1",342,2,"cytoplasmic","unprocessed",6.4419
"null_1",342,2,"cytoplasmic","processed",121.1308
"null_1",342,3,"nuclear","unprocessed",21.3846
"null_1",342,3,"nuclear","processed",2593.4147
"null_1",342,3,"cytoplasmic","unprocessed",4.6127
"null_1",342,3,"cytoplasmic","processed",86.9976
"null_1",342,4,"nuclear","unprocessed",20.7707
"null_1",342,4,"nuclear","processed",2323.8869
"null_1",342,4,"cytoplasmic","unprocessed",5.4345
"null_1",342,4,"cytoplasmic","processed",100.627
"null_1",342,5,"nuclear","unprocessed",25.4103
"null_1",342,5,"nuclear","processed",2407.5395
"null_1",342,5,"cytoplasmic","unprocessed",6.7683
"null_1",342,5,"cytoplasmic","processed",101.5174
"null_1",352,1,"nuclear","unprocessed",2.6521
"null_1",352,1,"nuclear","processed",2261.2322
"null_1",352,1,"cytoplasmic","unprocessed",0.7052
"null_1",352,1,"cytoplasmic","processed",103.2605
"null_1",352,2,"nuclear","unprocessed",2.8294
"null_1",352,2,"nuclear","processed",1942.4275
"null_1",352,2,"cytoplasmic","unprocessed",0.9646
"null_1",352,2,"cytoplasmic","processed",117.7421
"null_1",352,3,"nuclear","unprocessed",3.0453
"null_1",352,3,"nuclear","processed",2466.1598
"null_1",352,3,"cytoplasmic","unprocessed",0.648
"null_1",352,3,"cytoplasmic","processed",100.5139
"null_1",352,4,"nuclear","unprocessed",2.9973
"null_1",352,4,"nuclear","processed",2167.6706
"null_1",352,4,"cytoplasmic","unprocessed",0.801
"null_1",352,4,"cytoplasmic","processed",82.7285
"null_1",352,5,"nuclear","unprocessed",3.8025
"null_1",352,5,"nuclear","processed",2240.1821
"null_1",352,5,"cytoplasmic","unprocessed",1.0443
"null_1",352,5,"cytoplasmic","processed",98.4205
"null_1",362,1,"nuclear","unprocessed",0.3357
"null_1",362,1,"nuclear","processed",2219.9303
"null_1",362,1,"cytoplasmic","unprocessed",0.0949
"null_1",362,1,"cytoplasmic","processed",96.4645
"null_1",362,2,"nuclear","unprocessed",0.4476
"null_1",362,2,"nuclear","processed",2074.8206
"null_1",362,2,"cytoplasmic","unprocessed",0.1265
"null_1",362,2,"cytoplasmic","processed",104.6618
"null_1",362,3,"nuclear","unprocessed",0.429
"null_1",362,3,"nuclear","processed",2324.0555
"null_1",362,3,"cytoplasmic","unprocessed",0.0881
"null_1",362,3,"cytoplasmic","processed",88.4402
"null_1",362,4,"nuclear","unprocessed",0.3858
"null_1",362,4,"nuclear","processed",2045.7111
"null_1",362,4,"cytoplasmic","unprocessed",0.1099
"null_1",362,4,"cytoplasmic","processed",83.6072
"null_1",362,5,"nuclear","unprocessed",0.5687
"null_1",362,5,"nuclear","processed",1993.6416
"null_1",362,5,"cytoplasmic","unprocessed",0.1626
"null_1",362,5,"cytoplasmic","processed",95.6942
"null_2",322,1,"nuclear","unprocessed",1219.8003
"null_2",322,1,"nuclear","processed",6373.387
"null_2",322,1,"cytoplasmic","unprocessed",63.1781
"null_2",322,1,"cytoplasmic","processed",7732.5791
"null_2",322,2,"nuclear","unprocessed",1026.454
"null_2",322,2,"nuclear","processed",6425.6604
"null_2",322,2,"cytoplasmic","unprocessed",52.7356
"null_2",322,2,"cytoplasmic","processed",7514.3583
"null_2",322,3,"nuclear","unprocessed",1044.5694
"null_2",322,3,"nuclear","processed",6746.568
"null_2",322,3,"cytoplasmic","unprocessed",57.8212
"null_2",322,3,"cytoplasmic","processed",6406.2328
"null_2",322,4,"nuclear","unprocessed",1004.7729
"null_2",322,4,"nuclear","processed",5907.4593
"null_2",322,4,"cytoplasmic","unprocessed",44.9305
"null_2",322,4,"cytoplasmic","processed",6871.401
"null_2",322,5,"nuclear","unprocessed",1195.8587
"null_2",322,5,"nuclear","processed",5817.3508
"null_2",322,5,"cytoplasmic","unprocessed",51.9756
"null_2",322,5,"cytoplasmic","processed",7462.605
"null_2",332,1,"nuclear","unprocessed",1136.4638
"null_2",332,1,"nuclear","processed",5986.9174
"null_2",332,1,"cytoplasmic","unprocessed",59.586
"null_2",332,1,"cytoplasmic","processed",7702.7929
"null_2",332,2,"nuclear","unprocessed",989.0807
"null_2",332,2,"nuclear","processed",6646.6344
"null_2",332,2,"cytoplasmic","unprocessed",41.5581
"null_2",332,2,"cytoplasmic","processed",7068.9732
"null_2",332,3,"nuclear","unprocessed",977.7686
"null_2",332,3,"nuclear","processed",6361.2425
"null_2",332,3,"cytoplasmic","unprocessed",64.6081
"null_2",332,3,"cytoplasmic","processed",6527.3726
"null_2",332,4,"nuclear","unprocessed",1002.8244
"null_2",332,4,"nuclear","processed",6069.7881
"null_2",332,4,"cytoplasmic","unprocessed",45.6612
"null_2",332,4,"cytoplasmic","processed",6419.6645
"null_2",332,5,"nuclear","unprocessed",1164.3515
"null_2",332,5,"nuclear","processed",6177.1461
"null_2",332,5,"cytoplasmic","unprocessed",52.9179
"null_2",332,5,"cytoplasmic","processed",6830.8273
"null_2",342,1,"nuclear","unprocessed",286.3913
"null_2",342,1,"nuclear","processed",5681.2786
"null_2",342,1,"cytoplasmic","unprocessed",32.6126
"null_2",342,1,"cytoplasmic","processed",7537.4793
"null_2",342,2,"nuclear","unprocessed",199.5977
"null_2",342,2,"nuclear","processed",5134.8872
"null_2",342,2,"cytoplasmic","unprocessed",25.2625
"null_2",342,2,"cytoplasmic","processed",7377.652
"null_2",342,3,"nuclear","unprocessed",248.3106
"null_2",342,3,"nuclear","processed",5860.3867
"null_2",342,3,"cytoplasmic","unprocessed",31.5606
"null_2",342,3,"cytoplasmic","processed",6769.351
"null_2",342,4,"nuclear","unprocessed",202.9308
"null_2",342,4,"nuclear","processed",6246.0732
"null_2",342,4,"cytoplasmic","unprocessed",26.7797
"null_2",342,4,"cytoplasmic","processed",6784.7605
"null_2",342,5,"nuclear","unprocessed",270.5008
"null_2",342,5,"nuclear","processed",6064.6126
"null_2",342,5,"cytoplasmic","unprocessed",31.5112
"null_2",342,5,"cytoplasmic","processed",7751.5802
"null_2",352,1,"nuclear","unprocessed",68.0727
"null_2",352,1,"nuclear","processed",5335.8613
"null_2",352,1,"cytoplasmic","unprocessed",14.2687
"null_2",352,1,"cytoplasmic","processed",6980.3797
"null_2",352,2,"nuclear","unprocessed",38.4386
"null_2",352,2,"nuclear","processed",4227.36
"null_2",352,2,"cytoplasmic","unprocessed",9.8019
"null_2",352,2,"cytoplasmic","processed",6705.5962
"null_2",352,3,"nuclear","unprocessed",53.6478
"null_2",352,3,"nuclear","processed",5236.4339
"null_2",352,3,"cytoplasmic","unprocessed",13.9627
"null_2",352,3,"cytoplasmic","processed",6120.9838
"null_2",352,4,"nuclear","unprocessed",39.1292
"null_2",352,4,"nuclear","processed",4039.0428
"null_2",352,4,"cytoplasmic","unprocessed",10.4822
"null_2",352,4,"cytoplasmic","processed",6743.3649
"null_2",352,5,"nuclear","unprocessed",73.4357
"null_2",352,5,"nuclear","processed",4433.3169
"null_2",352,5,"cytoplasmic","unprocessed",12.9791
"null_2",352,5,"cytoplasmic","processed",6646.503
"null_2",362,1,"nuclear","unprocessed",13.4296
"null_2",362,1,"nuclear","processed",3519.1925
"null_2",362,1,"cytoplasmic","unprocessed",4.7703
"null_2",362,1,"cytoplasmic","processed",7012.3654
"null_2",362,2,"nuclear","unprocessed",7.7776
"null_2",362,2,"nuclear","processed",3536.4494
"null_2",362,2,"cytoplasmic","unprocessed",2.6484
"null_2",362,2,"cytoplasmic","processed",6788.9115
"null_2",362,3,"nuclear","unprocessed",11.7688
"null_2",362,3,"nuclear","processed",4300.1941
"null_2",362,3,"cytoplasmic","unprocessed",3.968
"null_2",362,3,"cytoplasmic","processed",5843.2637
"null_2",362,4,"nuclear","unprocessed",8.1293
"null_2",362,4,"nuclear","processed",3775.8193
"null_2",362,4,"cytoplasmic","unprocessed",2.9311
"null_2",362,4,"cytoplasmic","processed",6124.3728
"null_2",362,5,"nuclear","unprocessed",17.5119
"null_2",362,5,"nuclear","processed",3465.1652
"null_2",362,5,"cytoplasmic","unprocessed",4.1688
"null_2",362,5,"cytoplasmic","processed",6265.8637
"null_3",322,1,"nuclear","unprocessed",256.4034
"null_3",322,1,"nuclear","processed",5053.2626
"null_3",322,1,"cytoplasmic","unprocessed",19.5836
"null_3",322,1,"cytoplasmic","processed",215.0884
"null_3",322,2,"nuclear","unprocessed",261.3532
"null_3",322,2,"nuclear","processed",5181.1886
"null_3",322,2,"cytoplasmic","unprocessed",24.2624
"null_3",322,2,"cytoplasmic","processed",239.7715
"null_3",322,3,"nuclear","unprocessed",261.8554
"null_3",322,3,"nuclear","processed",5307.4839
"null_3",322,3,"cytoplasmic","unprocessed",22.0913
"null_3",322,3,"cytoplasmic","processed",237.0507
"null_3",322,4,"nuclear","unprocessed",269.488
"null_3",322,4,"nuclear","processed",4997.5838
"null_3",322,4,"cytoplasmic","unprocessed",17.8249
"null_3",322,4,"cytoplasmic","processed",213.1294
"null_3",322,5,"nuclear","unprocessed",272.4123
"null_3",322,5,"nuclear","processed",5381.0601
"null_3",322,5,"cytoplasmic","unprocessed",24.1214
"null_3",322,5,"cytoplasmic","processed",200.4011
"null_3",332,1,"nuclear","unprocessed",273.4556
"null_3",332,1,"nuclear","processed",5116.7569
"null_3",332,1,"cytoplasmic","unprocessed",20.1274
"null_3",332,1,"cytoplasmic","processed",222.964
"null_3",332,2,"nuclear","unprocessed",246.0267
"null_3",332,2,"nuclear","processed",5223.7246
"null_3",332,2,"cytoplasmic","unprocessed",22.7413
"null_3",332,2,"cytoplasmic","processed",237.8158
"null_3",332,3,"nuclear","unprocessed",244.1891
"null_3",332,3,"nuclear","processed",4799.0012
"null_3",332,3,"cytoplasmic","unprocessed",23.6232
"null_3",332,3,"cytoplasmic","processed",229.3099
"null_3",332,4,"nuclear","unprocessed",272.76
"null_3",332,4,"nuclear","processed",5694.2796
"null_3",332,4,"cytoplasmic","unprocessed",18.17
"null_3",332,4,"cytoplasmic","processed",219.6812
"null_3",332,5,"nuclear","unprocessed",255.7831
"null_3",332,5,"nuclear","processed",5436.5112
"null_3",332,5,"cytoplasmic","unprocessed",24.812
"null_3",332,5,"cytoplasmic","processed",217.0351
"null_3",342,1,"nuclear","unprocessed",25.6984
"null_3",342,1,"nuclear","processed",4947.621
"null_3",342,1,"cytoplasmic","unprocessed",3.0786
"null_3",342,1,"cytoplasmic","processed",225.6387
"null_3",342,2,"nuclear","unprocessed",19.5424
"null_3",342,2,"nuclear","processed",5232.8791
"null_3",342,2,"cytoplasmic","unprocessed",3.0686
"null_3",342,2,"cytoplasmic","processed",223.195
"null_3",342,3,"nuclear","unprocessed",23.2343
"null_3",342,3,"nuclear","processed",5142.4762
"null_3",342,3,"cytoplasmic","unprocessed",2.8255
"null_3",342,3,"cytoplasmic","processed",229.9482
"null_3",342,4,"nuclear","unprocessed",31.3466
"null_3",342,4,"nuclear","processed",5810.1559
"null_3",342,4,"cytoplasmic","unprocessed",3.199
"null_3",342,4,"cytoplasmic","processed",215.9316
"null_3",342,5,"nuclear","unprocessed",28.2692
"null_3",342,5,"nuclear","processed",5650.3806
"null_3",342,5,"cytoplasmic","unprocessed",3.5272
"null_3",342,5,"cytoplasmic","processed",204.3428
"null_3",352,1,"nuclear","unprocessed",2.6633
"null_3",352,1,"nuclear","processed",4762.8689
"null_3",352,1,"cytoplasmic","unprocessed",0.2848
"null_3",352,1,"cytoplasmic","processed",209.1057
"null_3",352,2,"nuclear","unprocessed",1.628
"null_3",352,2,"nuclear","processed",4762.941
"null_3",352,2,"cytoplasmic","unprocessed",0.2686
"null_3",352,2,"cytoplasmic","processed",230.2345
"null_3",352,3,"nuclear","unprocessed",2.1181
"null_3",352,3,"nuclear","processed",4820.074
"null_3",352,3,"cytoplasmic","unprocessed",0.2893
"null_3",352,3,"cytoplasmic","processed",215.3196
"null_3",352,4,"nuclear","unprocessed",3.0693
"null_3",352,4,"nuclear","processed",5113.84
"null_3",352,4,"cytoplasmic","unprocessed",0.2908
"null_3",352,4,"cytoplasmic","processed",204.9018
"null_3",352,5,"nuclear","unprocessed",2.537
"null_3",352,5,"nuclear","processed",5119.1635
"null_3",352,5,"cytoplasmic","unprocessed",0.3686
"null_3",352,5,"cytoplasmic","processed",203.16
"null_3",362,1,"nuclear","unprocessed",0.2552
"null_3",362,1,"nuclear","processed",4434.8887
"null_3",362,1,"cytoplasmic","unprocessed",0.033
"null_3",362,1,"cytoplasmic","processed",197.7936
"null_3",362,2,"nuclear","unprocessed",0.1576
"null_3",362,2,"nuclear","processed",4367.9289
"null_3",362,2,"cytoplasmic","unprocessed",0.0236
"null_3",362,2,"cytoplasmic","processed",208.0487
"null_3",362,3,"nuclear","unprocessed",0.1709
"null_3",362,3,"nuclear","processed",4264.932
"null_3",362,3,"cytoplasmic","unprocessed",0.0225
"null_3",362,3,"cytoplasmic","processed",204.0722
"null_3",362,4,"nuclear","unprocessed",0.3082
"null_3",362,4,"nuclear","processed",4725.651
"null_3",362,4,"cytoplasmic","unprocessed",0.0339
"null_3",362,4,"cytoplasmic","processed",188.6508
"null_3",362,5,"nuclear","unprocessed",0.2723
"null_3",362,5,"nuclear","processed",4705.0082
"null_3",362,5,"cytoplasmic","unprocessed",0.0372
"null_3",362,5,"cytoplasmic","processed",180.9293
"null_4",322,1,"nuclear","unprocessed",487.9101
"null_4",322,1,"nuclear","processed",3021.8031
"null_4",322,1,"cytoplasmic","unprocessed",32.7096
"null_4",322,1,"cytoplasmic","processed",925.314
"null_4",322,2,"nuclear","unprocessed",547.9882
"null_4",322,2,"nuclear","processed",3245.0162
"null_4",322,2,"cytoplasmic","unprocessed",35.3641
"null_4",322,2,"cytoplasmic","processed",924.555
"null_4",322,3,"nuclear","unprocessed",471.2661
"null_4",322,3,"nuclear","processed",3694.7174
"null_4",322,3,"cytoplasmic","unprocessed",33.8666
"null_4",322,3,"cytoplasmic","processed",997.2599
"null_4",322,4,"nuclear","unprocessed",471.8795
"null_4",322,4,"nuclear","processed",3692.1576
"null_4",322,4,"cytoplasmic","unprocessed",43.1563
"null_4",322,4,"cytoplasmic","processed",872.3431
"null_4",322,5,"nuclear","unprocessed",443.2357
"null_4",322,5,"nuclear","processed",3602.2509
"null_4",322,5,"cytoplasmic","unprocessed",35.919
"null_4",322,5,"cytoplasmic","processed",1017.9769
"null_4",332,1,"nuclear","unprocessed",455.7522
"null_4",332,1,"nuclear","processed",3026.8068
"null_4",332,1,"cytoplasmic","unprocessed",34.7367
"null_4",332,1,"cytoplasmic","processed",938.6989
"null_4",332,2,"nuclear","unprocessed",514.1144
"null_4",332,2,"nuclear","processed",3189.6247
"null_4",332,2,"cytoplasmic","unprocessed",34.6101
"null_4",332,2,"cytoplasmic","processed",937.2811
"null_4",332,3,"nuclear","unprocessed",478.1071
"null_4",332,3,"nuclear","processed",3804.1929
"null_4",332,3,"cytoplasmic","unprocessed",31.2942
"null_4",332,3,"cytoplasmic","processed",1123.5621
"null_4",332,4,"nuclear","unprocessed",540.4769
"null_4",332,4,"nuclear","processed",3387.9547
"null_4",332,4,"cytoplasmic","unprocessed",42.1814
"null_4",332,4,"cytoplasmic","processed",856.4715
"null_4",332,5,"nuclear","unprocessed",545.6722
"null_4",332,5,"nuclear","processed",3518.7385
"null_4",332,5,"cytoplasmic","unprocessed",37.0635
"null_4",332,5,"cytoplasmic","processed",1041.4738
"null_4",342,1,"nuclear","unprocessed",60.574
"null_4",342,1,"nuclear","processed",2832.2527
"null_4",342,1,"cytoplasmic","unprocessed",20.722
"null_4",342,1,"cytoplasmic","processed",810.5971
"null_4",342,2,"nuclear","unprocessed",78.9352
"null_4",342,2,"nuclear","processed",3078.1831
"null_4",342,2,"cytoplasmic","unprocessed",18.9356
"null_4",342,2,"cytoplasmic","processed",885.784
"null_4",342,3,"nuclear","unprocessed",74.0771
"null_4",342,3,"nuclear","processed",3280.5621
"null_4",342,3,"cytoplasmic","unprocessed",17.0382
"null_4",342,3,"cytoplasmic","processed",959.2243
"null_4",342,4,"nuclear","unprocessed",86.9969
"null_4",342,4,"nuclear","processed",3023.148
"null_4",342,4,"cytoplasmic","unprocessed",24.1969
"null_4",342,4,"cytoplasmic","processed",854.632
"null_4",342,5,"nuclear","unprocessed",73.3745
"null_4",342,5,"nuclear","processed",2604.8879
"null_4",342,5,"cytoplasmic","unprocessed",21.3898
"null_4",342,5,"cytoplasmic","processed",979.0365
"null_4",352,1,"nuclear","unprocessed",8.4989
"null_4",352,1,"nuclear","processed",2255.2925
"null_4",352,1,"cytoplasmic","unprocessed",7.1403
"null_4",352,1,"cytoplasmic","processed",817.3271
"null_4",352,2,"nuclear","unprocessed",12.5684
"null_4",352,2,"nuclear","processed",2301.9044
"null_4",352,2,"cytoplasmic","unprocessed",7.6755
"null_4",352,2,"cytoplasmic","processed",747.4299
"null_4",352,3,"nuclear","unprocessed",10.4967
"null_4",352,3,"nuclear","processed",2690.8929
"null_4",352,3,"cytoplasmic","unprocessed",7.2194
"null_4",352,3,"cytoplasmic","processed",856.704
"null_4",352,4,"nuclear","unprocessed",11.5823
"null_4",352,4,"nuclear","processed",2498.5389
"null_4",352,4,"cytoplasmic","unprocessed",9.8843
"null_4",352,4,"cytoplasmic","processed",789.0075
"null_4",352,5,"nuclear","unprocessed",11.1279
"null_4",352,5,"nuclear","processed",2251.3681
"null_4",352,5,"cytoplasmic","unprocessed",8.4816
"null_4",352,5,"cytoplasmic","processed",945.629
"null_4",362,1,"nuclear","unprocessed",1.2314
"null_4",362,1,"nuclear","processed",1584.2688
"null_4",362,1,"cytoplasmic","unprocessed",2.5537
"null_4",362,1,"cytoplasmic","processed",601.5176
"null_4",362,2,"nuclear","unprocessed",2.0061
"null_4",362,2,"nuclear","processed",1623.3613
"null_4",362,2,"cytoplasmic","unprocessed",3.0044
"null_4",362,2,"cytoplasmic","processed",644.3485
"null_4",362,3,"nuclear","unprocessed",1.3169
"null_4",362,3,"nuclear","processed",2033.6533
"null_4",362,3,"cytoplasmic","unprocessed",2.2493
"null_4",362,3,"cytoplasmic","processed",727.4139
"null_4",362,4,"nuclear","unprocessed",2.0176
"null_4",362,4,"nuclear","processed",1952.9944
"null_4",362,4,"cytoplasmic","unprocessed",3.8736
"null_4",362,4,"cytoplasmic","processed",613.2667
"null_4",362,5,"nuclear","unprocessed",1.7822
"null_4",362,5,"nuclear","processed",1730.6386
"null_4",362,5,"cytoplasmic","unprocessed",2.7556
"null_4",362,5,"cytoplasmic","processed",742.668
